County,State,cases,deaths
Abbeville,SC,1542,0
Acadia,LA,10380,587
Accomack,VA,21017,303
Ada,ID,40601,930
Adair,IA,195,0
Adair,KY,4009,574
Adair,MO,1165,0
Adair,OK,3436,156
Adams,CO,102728,3940
Adams,ID,146,0
Adams,IL,2023,31
Adams,IN,482,50
Adams,IA,68,0
Adams,MS,7318,521
Adams,NE,9649,260
Adams,OH,302,14
Adams,PA,7973,209
Adams,WA,2728,0
Adams,WI,210,48
Addison,VT,3621,94
Aiken,SC,6331,300
Aitkin,MN,125,0
Alachua,FL,16633,206
Alamance,NC,7927,327
Alameda,CA,108397,3580
Alamosa,CO,1449,106
Albany,NY,68478,4353
Albany,WY,553,0
Albemarle,VA,5945,190
Alcona,MI,271,32
Alcorn,MS,595,33
Alexander,IL,249,0
Alexander,NC,634,0
Alexandria city,VA,53787,1255
Alfalfa,OK,49,0
Allamakee,IA,4609,186
Allegan,MI,6387,120
Allegany,MD,6023,451
Allegany,NY,2099,7
Alleghany,NC,380,0
Alleghany,VA,413,20
Allegheny,PA,78843,5438
Allen,IN,39210,2623
Allen,KY,1337,43
Allen,LA,6097,514
Allen,OH,6901,1142
Allendale,SC,1007,90
Alpena,MI,3402,283
Alpine,CA,104,0
Amador,CA,424,0
Amelia,VA,933,41
Amherst,VA,934,4
Amite,MS,1807,35
Anchorage,AK,10638,241
Anderson,KS,23,0
Anderson,KY,546,72
Anderson,SC,9844,397
Anderson,TN,1619,54
Anderson,TX,1871,0
Andrew,MO,497,0
Andrews,TX,1106,0
Androscoggin,ME,5630,84
Angelina,TX,4832,42
Anne Arundel,MD,114155,5308
Anoka,MN,27562,1296
Anson,NC,1793,4
Antelope,NE,229,0
Antrim,MI,562,1
Apache,AZ,33942,640
Appanoose,IA,301,129
Appling,GA,4147,369
Appomattox,VA,979,0
Aransas,TX,151,0
Arapahoe,CO,153066,9012
Archer,TX,17,0
Archuleta,CO,433,0
Arenac,MI,1195,42
Arkansas,AR,136,0
Arlington,VA,63892,2792
Armstrong,PA,2675,138
Armstrong,TX,88,0
Aroostook,ME,290,10
Ascension,LA,36880,2273
Ashe,NC,741,0
Ashland,OH,621,0
Ashland,WI,112,0
Ashley,AR,852,0
Ashtabula,OH,8801,904
Asotin,WA,841,76
Assumption,LA,10749,365
Atascosa,TX,1181,52
Atchison,KS,606,0
Atchison,MO,126,0
Athens,OH,405,63
Atkinson,GA,873,52
Atlantic,NJ,63441,3691
Atoka,OK,69,0
Attala,MS,8090,244
Audrain,MO,695,0
Audubon,IA,333,20
Auglaize,OH,2138,138
Augusta,VA,2981,39
Aurora,SD,310,0
Austin,TX,861,0
Autauga,AL,4434,152
Avery,NC,23,0
Avoyelles,LA,4696,360
Baca,CO,658,0
Bacon,GA,2302,70
Bailey,TX,205,0
Baker,FL,1345,153
Baker,GA,1417,122
Baker,OR,28,0
Baldwin,AL,10465,278
Baldwin,GA,11942,582
Ballard,KY,389,0
Baltimore,MD,187734,8786
Baltimore city,MD,153703,7214
Bamberg,SC,732,0
Bandera,TX,267,0
Banks,GA,1950,3
Bannock,ID,732,0
Baraga,MI,46,0
Barber,KS,55,0
Barbour,AL,3157,33
Barbour,WV,338,39
Barnes,ND,211,0
Barnstable,MA,53132,3232
Barnwell,SC,1348,17
Barren,KY,1228,10
Barron,WI,491,0
Barrow,GA,9874,353
Barry,MI,2170,59
Barry,MO,305,0
Bartholomew,IN,16227,1108
Barton,KS,1044,26
Bartow,GA,20456,1654
Bastrop,TX,5429,105
Bates,MO,367,49
Bath,KY,276,32
Baxter,AR,331,0
Bay,FL,3977,138
Bay,MI,9358,477
Bayfield,WI,201,44
Beadle,SD,3119,120
Beaufort,NC,1268,0
Beaufort,SC,15951,577
Beauregard,LA,2483,163
Beaver,OK,682,0
Beaver,PA,22693,3077
Beaverhead,MT,58,0
Becker,MN,884,0
Beckham,OK,250,0
Bedford,PA,1323,64
Bedford,TN,9556,147
Bedford,VA,1740,35
Bee,TX,313,0
Belknap,NH,2355,0
Bell,KY,14,0
Bell,TX,11589,178
Belmont,OH,11348,379
Beltrami,MN,449,0
Ben Hill,GA,1890,18
Benewah,ID,44,0
Bennington,VT,2931,54
Benson,ND,32,0
Bent,CO,32,0
Benton,AR,8461,5
Benton,IN,679,0
Benton,IA,1719,55
Benton,MN,3690,59
Benton,MS,627,0
Benton,MO,386,0
Benton,OR,2312,252
Benton,TN,354,39
Benton,WA,32160,2627
Benzie,MI,178,0
Bergen,NJ,872625,62344
Berkeley,SC,9599,546
Berkeley,WV,9903,170
Berks,PA,151718,8189
Berkshire,MA,26979,1895
Bernalillo,NM,51866,2331
Berrien,GA,1083,0
Berrien,MI,18902,1189
Bertie,NC,3204,120
Bethel Census Area,AK,76,0
Bexar,TX,93480,2836
Bibb,AL,2291,24
Bibb,GA,16673,640
Bienville,LA,4452,790
Big Horn,MT,290,0
Big Horn,WY,149,0
Big Stone,MN,126,0
Bingham,ID,253,0
Black Hawk,IA,56639,1005
Blackford,IN,649,52
Bladen,NC,2217,44
Blaine,ID,30243,298
Blaine,OK,95,0
Blair,PA,1519,14
Blanco,TX,343,2
Bleckley,GA,1142,0
Bledsoe,TN,23490,20
Blount,AL,2082,15
Blount,TN,3780,165
Blue Earth,MN,3394,10
Bolivar,MS,6203,422
Bollinger,MO,234,0
Bon Homme,SD,278,0
Bond,IL,421,46
Bonner,ID,236,0
Bonneville,ID,1570,0
Boone,AR,266,0
Boone,IL,9671,519
Boone,IN,12071,1320
Boone,IA,1462,0
Boone,KY,11559,317
Boone,MO,6398,75
Boone,NE,82,0
Boone,WV,297,0
Bosque,TX,214,0
Bossier,LA,17154,958
Botetourt,VA,1600,133
Bottineau,ND,24,0
Boulder,CO,36142,2216
Bourbon,KS,391,55
Bourbon,KY,489,77
Bowie,TX,6090,483
Bowman,ND,55,0
Box Butte,NE,59,0
Box Elder,UT,1161,42
Boyd,KY,1864,155
Boyle,KY,980,0
Bracken,KY,455,0
Bradford,FL,2427,95
Bradford,PA,1883,183
Bradley,AR,664,43
Bradley,TN,3583,48
Branch,MI,3732,110
Brantley,GA,1519,100
Braxton,WV,91,0
Brazoria,TX,31857,385
Brazos,TX,14891,917
Breathitt,KY,187,0
Breckinridge,KY,577,25
Bremer,IA,2481,180
Brevard,FL,16443,454
Brewster,TX,31,0
Briscoe,TX,30,0
Bristol,MA,224975,11583
Bristol,RI,7534,71
Bristol Bay Borough,AK,2,0
Bristol city,VA,128,0
Broadwater,MT,266,0
Brooke,WV,168,0
Brookings,SD,683,0
Brooks,GA,2744,337
Brooks,TX,40,0
Broome,NY,18154,1285
Broomfield,CO,9141,737
Broward,FL,299623,11376
Brown,IL,247,0
Brown,IN,1223,55
Brown,KS,97,0
Brown,MN,522,70
Brown,OH,846,62
Brown,SD,5892,5
Brown,TX,1900,241
Brown,WI,69882,725
Brunswick,NC,3096,171
Brunswick,VA,834,17
Bryan,GA,2977,187
Bryan,OK,637,41
Buchanan,IA,1077,0
Buchanan,MO,16390,83
Buchanan,VA,753,0
Buckingham,VA,11051,51
Bucks,PA,182101,14463
Buena Vista,IA,6105,0
Buena Vista city,VA,414,0
Buffalo,NE,5570,62
Buffalo,SD,142,0
Buffalo,WI,253,57
Bullitt,KY,3700,165
Bulloch,GA,2127,93
Bullock,AL,2428,44
Buncombe,NC,6637,319
Bureau,IL,630,27
Burke,GA,4607,167
Burke,NC,8132,517
Burke,ND,215,0
Burleigh,ND,5349,0
Burleson,TX,779,0
Burlington,NJ,161464,8510
Burnet,TX,1123,0
Burnett,WI,19,18
Burt,NE,230,0
Butler,AL,8409,260
Butler,IA,473,2
Butler,KS,1059,0
Butler,KY,7765,254
Butler,MO,1345,0
Butler,NE,906,0
Butler,OH,22931,620
Butler,PA,10676,408
Butte,CA,1307,0
Butts,GA,7806,601
Cabarrus,NC,17077,704
Cabell,WV,2428,0
Cache,UT,3320,7
Caddo,LA,94958,6325
Caddo,OK,4509,356
Calaveras,CA,716,0
Calcasieu,LA,24480,1674
Caldwell,KY,632,0
Caldwell,LA,1867,0
Caldwell,MO,169,0
Caldwell,NC,3025,37
Caldwell,TX,1366,0
Caledonia,VT,737,0
Calhoun,AL,5950,133
Calhoun,FL,1268,44
Calhoun,GA,5357,225
Calhoun,IL,57,0
Calhoun,IA,45,0
Calhoun,MI,12780,708
Calhoun,MS,2675,162
Calhoun,SC,458,62
Calhoun,TX,1670,118
Calhoun,WV,51,0
Callahan,TX,231,25
Callaway,MO,1397,56
Calloway,KY,1891,55
Calumet,WI,1721,22
Calvert,MD,10407,510
Camas,ID,62,0
Cambria,PA,1929,96
Camden,GA,2106,39
Camden,MO,2024,65
Camden,NJ,217605,9740
Camden,NC,78,0
Cameron,LA,154,0
Cameron,PA,92,0
Cameron,TX,25281,1004
Camp,TX,991,0
Campbell,KY,5558,447
Campbell,TN,877,47
Campbell,VA,657,18
Campbell,WY,1344,0
Canadian,OK,5605,160
Candler,GA,461,0
Cannon,TN,697,0
Canyon,ID,14012,332
Cape Girardeau,MO,2745,71
Cape May,NJ,20417,1498
Carbon,MT,327,0
Carbon,PA,9886,781
Carbon,UT,345,0
Carbon,WY,477,14
Caribou,ID,58,0
Carlisle,KY,120,31
Carlton,MN,2934,0
Caroline,MD,6474,1
Caroline,VA,1673,55
Carroll,AR,373,3
Carroll,GA,21292,845
Carroll,IL,560,104
Carroll,IN,2538,73
Carroll,IA,269,0
Carroll,KY,201,0
Carroll,MD,29100,2945
Carroll,MS,3558,209
Carroll,MO,181,0
Carroll,NH,2153,0
Carroll,OH,1218,63
Carroll,TN,1119,42
Carroll,VA,1629,12
Carson,TX,146,0
Carson City,NV,2898,85
Carter,KY,324,0
Carter,MO,218,58
Carter,OK,514,35
Carter,TN,719,47
Carteret,NC,1705,154
Carver,MN,4026,40
Cascade,MT,949,86
Casey,KY,69,0
Cass,IL,2056,0
Cass,IN,53438,199
Cass,IA,153,0
Cass,MI,2256,104
Cass,MN,404,44
Cass,MO,3655,348
Cass,NE,807,0
Cass,ND,40653,1153
Cass,TX,930,66
Cassia,ID,1064,62
Castro,TX,1180,58
Caswell,NC,1588,24
Catahoula,LA,3394,132
Catawba,NC,4539,102
Catoosa,GA,3114,0
Catron,NM,87,37
Cattaraugus,NY,2953,45
Cayuga,NY,2940,56
Cecil,MD,11854,597
Cedar,IA,1972,25
Cedar,MO,412,0
Cedar,NE,193,0
Centre,PA,6110,157
Cerro Gordo,IA,986,11
Chaffee,CO,3378,713
Chambers,AL,16336,1049
Chambers,TX,2589,0
Champaign,IL,14718,289
Champaign,OH,901,52
Chariton,MO,308,0
Charles,MD,35726,2376
Charles City,VA,962,41
Charles Mix,SD,400,0
Charleston,SC,27460,420
Charlevoix,MI,783,49
Charlotte,FL,15176,1545
Charlotte,VA,594,0
Charlottesville city,VA,3496,105
Charlton,GA,867,21
Chase,KS,104,0
Chase,NE,8,0
Chatham,GA,16056,655
Chatham,NC,18879,634
Chattahoochee,GA,811,0
Chattooga,GA,840,89
Chautauqua,KS,213,0
Chautauqua,NY,2351,106
Chaves,NM,1609,65
Cheatham,TN,3376,0
Cheboygan,MI,974,58
Chelan,WA,7680,384
Chemung,NY,6237,196
Chenango,NY,5648,52
Cherokee,AL,1121,23
Cherokee,GA,29765,959
Cherokee,IA,350,0
Cherokee,KS,467,0
Cherokee,NC,985,62
Cherokee,OK,1494,55
Cherokee,SC,1042,30
Cherokee,TX,1207,61
Cherry,NE,58,0
Chesapeake city,VA,16024,429
Cheshire,NH,2213,108
Chester,PA,88151,7592
Chester,SC,1991,1
Chester,TN,595,0
Chesterfield,SC,4081,52
Chesterfield,VA,38549,1077
Cheyenne,CO,116,0
Cheyenne,KS,65,0
Cheyenne,NE,351,0
Chickasaw,IA,289,0
Chickasaw,MS,4495,421
Chicot,AR,535,0
Childress,TX,65,0
Chilton,AL,3453,40
Chippewa,MI,111,8
Chippewa,MN,801,6
Chippewa,WI,1783,0
Chisago,MN,1214,59
Chittenden,VT,24827,1784
Choctaw,AL,3468,89
Choctaw,MS,1067,83
Choctaw,OK,434,4
Chowan,NC,490,0
Christian,IL,1745,280
Christian,KY,5003,156
Christian,MO,1209,0
Churchill,NV,237,42
Cibola,NM,4078,156
Cimarron,OK,41,0
Citrus,FL,5726,568
Clackamas,OR,13033,422
Claiborne,LA,3111,401
Claiborne,MS,1821,20
Claiborne,TN,355,0
Clallam,WA,1089,0
Clare,MI,641,80
Clarendon,SC,11760,1165
Clarion,PA,1213,58
Clark,AR,2025,0
Clark,IL,368,0
Clark,IN,17461,1368
Clark,KS,634,0
Clark,KY,1382,0
Clark,MO,59,0
Clark,NV,247829,12394
Clark,OH,5274,129
Clark,SD,126,0
Clark,WA,21217,1248
Clark,WI,1184,146
Clarke,AL,3027,60
Clarke,GA,9680,755
Clarke,IA,663,0
Clarke,MS,3842,398
Clarke,VA,694,0
Clatsop,OR,1205,0
Clay,AL,1247,57
Clay,AR,142,0
Clay,FL,15733,1042
Clay,GA,1422,123
Clay,IL,89,0
Clay,IN,1361,40
Clay,IA,363,0
Clay,KS,208,35
Clay,KY,107,0
Clay,MN,10958,678
Clay,MS,3097,115
Clay,MO,5260,70
Clay,NE,646,0
Clay,NC,273,0
Clay,SD,520,0
Clay,TN,290,0
Clay,TX,175,0
Clay,WV,54,0
Clayton,GA,44749,1665
Clayton,IA,1037,93
Clear Creek,CO,815,41
Clearfield,PA,1217,0
Clearwater,MN,143,0
Cleburne,AL,757,43
Cleburne,AR,4810,254
Clermont,OH,6244,167
Cleveland,AR,748,0
Cleveland,NC,2886,87
Cleveland,OK,23472,1652
Clinch,GA,1283,23
Clinton,IL,6039,392
Clinton,IN,4808,88
Clinton,IA,2784,36
Clinton,KY,146,0
Clinton,MI,6867,456
Clinton,MO,783,0
Clinton,NY,4066,188
Clinton,OH,1770,3
Clinton,PA,1679,15
Cloud,KS,204,0
Coahoma,MS,4077,139
Coal,OK,13,0
Cobb,GA,105069,5588
Cochise,AZ,2168,31
Cochran,TX,39,0
Cocke,TN,836,0
Coconino,AZ,34745,2685
Codington,SD,1036,0
Coffee,AL,6753,23
Coffee,GA,8344,427
Coffee,TN,2284,0
Coffey,KS,2760,366
Coke,TX,27,0
Colbert,AL,3408,94
Cole,MO,3063,59
Coleman,TX,59,0
Coles,IL,2490,174
Colfax,NE,14536,51
Colfax,NM,235,0
Colleton,SC,2238,225
Collier,FL,43393,1344
Collin,TX,47335,1226
Collingsworth,TX,99,0
Colonial Heights city,VA,2885,282
Colorado,TX,729,0
Colquitt,GA,11863,508
Columbia,AR,684,60
Columbia,FL,4438,68
Columbia,GA,9067,207
Columbia,NY,13116,1188
Columbia,OR,808,0
Columbia,PA,14621,955
Columbia,WA,81,0
Columbia,WI,1904,56
Columbiana,OH,17878,1604
Columbus,NC,8782,624
Colusa,CA,203,0
Comal,TX,3445,339
Comanche,KS,13,0
Comanche,OK,7759,90
Comanche,TX,247,32
Concho,TX,52,0
Concordia,LA,2412,193
Conecuh,AL,804,11
Conejos,CO,26,0
Contra Costa,CA,55777,1501
Converse,WY,1089,0
Conway,AR,620,65
Cook,GA,1413,69
Cook,IL,2454349,106810
Cooke,TX,439,0
Cooper,MO,413,0
Coos,NH,151,0
Coos,OR,1016,0
Coosa,AL,1593,49
Copiah,MS,7666,88
Corson,SD,104,0
Cortland,NY,1712,0
Coryell,TX,8268,79
Coshocton,OH,1172,0
Costilla,CO,212,0
Cottle,TX,118,23
Cotton,OK,289,63
Cottonwood,MN,1833,0
Covington,AL,2372,40
Covington,MS,4120,23
Covington city,VA,55,0
Coweta,GA,13493,270
Cowley,KS,158,53
Cowlitz,WA,2977,0
Craig,OK,630,0
Craig,VA,180,0
Craighead,AR,5544,11
Crane,TX,289,9
Craven,NC,4244,184
Crawford,AR,447,0
Crawford,GA,924,0
Crawford,IL,493,0
Crawford,IN,1038,35
Crawford,IA,9703,62
Crawford,KS,391,63
Crawford,MI,2439,185
Crawford,MO,393,0
Crawford,OH,3448,63
Crawford,PA,1105,0
Crawford,WI,658,0
Creek,OK,4519,321
Crenshaw,AL,1675,38
Crisp,GA,9029,232
Crittenden,AR,11223,320
Crittenden,KY,216,42
Crockett,TN,455,23
Crook,OR,100,0
Crook,WY,254,0
Crosby,TX,110,47
Cross,AR,1369,0
Crow Wing,MN,1517,36
Crowley,CO,1234,74
Cullman,AL,3452,17
Culpeper,VA,13994,161
Cumberland,IL,300,0
Cumberland,KY,233,0
Cumberland,ME,37004,1561
Cumberland,NJ,56883,1571
Cumberland,NC,17379,452
Cumberland,PA,20476,1314
Cumberland,TN,4401,34
Cumberland,VA,883,0
Cuming,NE,664,0
Currituck,NC,374,0
Curry,NM,1436,0
Curry,OR,235,0
Custer,CO,119,0
Custer,ID,129,0
Custer,NE,1463,162
Custer,OK,625,0
Cuyahoga,OH,145512,6850
Dade,GA,862,59
Dakota,MN,25319,917
Dakota,NE,48115,385
Dale,AL,2356,0
Dallam,TX,634,16
Dallas,AL,5214,129
Dallas,AR,58,0
Dallas,IA,25430,304
Dallas,MO,113,0
Dallas,TX,285748,6828
Dane,WI,28477,1208
Danville city,VA,2036,51
Dare,NC,795,59
Darke,OH,5165,759
Darlington,SC,8224,162
Dauphin,PA,38232,1702
Davidson,NC,11404,388
Davidson,TN,179369,1894
Davie,NC,2292,118
Daviess,IN,2771,643
Daviess,KY,11939,250
Daviess,MO,133,0
Davis,IA,388,0
Davis,UT,18181,130
Davison,SD,433,85
Dawes,NE,25,0
Dawson,GA,3802,64
Dawson,NE,26869,160
Dawson,TX,1398,53
Day,SD,327,0
De Soto,LA,10998,684
De Witt,IL,164,0
DeKalb,AL,6613,104
DeKalb,GA,126455,3260
DeKalb,IL,9059,97
DeKalb,IN,1131,82
DeKalb,MO,207,0
DeKalb,TN,1222,0
DeSoto,FL,3104,289
DeSoto,MS,18633,241
DeWitt,TX,845,41
Deaf Smith,TX,3579,171
Dearborn,IN,6626,636
Decatur,GA,5302,106
Decatur,IN,11454,1465
Decatur,IA,5,0
Decatur,TN,221,0
Deer Lodge,MT,191,0
Defiance,OH,1265,50
Del Norte,CA,547,0
Delaware,IN,11330,901
Delaware,IA,412,10
Delaware,NY,3533,6
Delaware,OH,11146,308
Delaware,OK,4677,599
Delaware,PA,230913,15975
Delta,CO,2282,54
Delta,MI,760,94
Delta,TX,54,0
Dent,MO,17,0
Denton,TX,49761,1251
Denver,CO,191696,9920
Des Moines,IA,1551,36
Deschutes,OR,5011,0
Desha,AR,818,0
Deuel,SD,65,0
Dewey,OK,113,0
Dickens,TX,56,0
Dickinson,IA,337,0
Dickinson,KS,97,0
Dickinson,MI,220,110
Dickson,TN,4212,0
Dillingham Census Area,AK,1,0
Dillon,SC,4121,39
Dimmit,TX,51,0
Dinwiddie,VA,1439,0
District of Columbia,District of Columbia,288979,13988
Divide,ND,65,0
Dixie,FL,862,17
Dixon,NE,725,0
Dodge,GA,1716,52
Dodge,MN,1565,0
Dodge,NE,8349,17
Dodge,WI,3859,50
Doniphan,KS,325,0
Donley,TX,1341,0
Dooly,GA,6662,475
Door,WI,1101,111
Dorchester,MD,3918,95
Dorchester,SC,5948,122
Dougherty,GA,89171,6685
Douglas,CO,30157,1484
Douglas,GA,19673,714
Douglas,IL,1069,0
Douglas,KS,3216,0
Douglas,MN,698,0
Douglas,MO,1,0
Douglas,NE,81783,1014
Douglas,NV,1184,0
Douglas,OR,1351,0
Douglas,SD,51,0
Douglas,WA,5048,94
Douglas,WI,693,0
Doña Ana,NM,11623,83
Drew,AR,808,52
DuPage,IL,223163,11086
Dubois,IN,3722,43
Dubuque,IA,9152,375
Duchesne,UT,361,0
Dukes,MA,1099,42
Dunklin,MO,1288,92
Dunn,ND,520,0
Dunn,WI,816,0
Duplin,NC,13358,225
Durham,NC,44523,1296
Dutchess,NY,169614,4887
Duval,FL,62566,1528
Duval,TX,162,0
Dyer,TN,2022,0
Eagle,CO,32894,435
Early,GA,11449,1117
East Baton Rouge,LA,127653,8268
East Carroll,LA,1611,0
East Feliciana,LA,7343,876
Eastland,TX,240,0
Eaton,MI,7575,309
Eau Claire,WI,2891,0
Echols,GA,1244,0
Ector,TX,5198,199
Eddy,NM,760,68
Eddy,ND,113,0
Edgar,IL,3,0
Edgecombe,NC,6143,261
Edgefield,SC,1715,72
Edmonson,KY,1720,189
Edmunds,SD,3,0
Edwards,IL,38,0
Edwards,KS,153,0
Effingham,GA,2264,57
Effingham,IL,281,53
El Dorado,CA,3136,0
El Paso,CO,61673,3989
El Paso,TX,67796,1607
Elbert,CO,1907,78
Elbert,GA,1872,0
Elk,PA,220,11
Elkhart,IN,25669,793
Elko,NV,948,58
Elliott,KY,12,0
Ellis,KS,383,0
Ellis,TX,9928,433
Ellsworth,KS,52,0
Elmore,AL,7804,182
Elmore,ID,1561,79
Emanuel,GA,1088,37
Emery,UT,265,0
Emmet,IA,123,0
Emmet,MI,1214,120
Emmons,ND,99,55
Emporia city,VA,1940,120
Erath,TX,761,59
Erie,NY,209417,16122
Erie,OH,4173,201
Erie,PA,6396,124
Escambia,AL,1618,98
Escambia,FL,30219,829
Essex,MA,507598,27975
Essex,NJ,765542,64445
Essex,NY,1829,0
Essex,VT,109,0
Essex,VA,987,0
Etowah,AL,8720,502
Evangeline,LA,3692,32
Evans,GA,208,0
Fairbanks North Star Borough,AK,4973,109
Fairfax,VA,277139,9893
Fairfax city,VA,1729,120
Fairfield,CT,645850,45802
Fairfield,OH,8898,130
Fairfield,SC,4271,240
Fall River,SD,118,0
Falls,TX,229,0
Falls Church city,VA,1598,165
Fannin,GA,1609,36
Fannin,TX,1087,42
Faribault,MN,440,0
Faulk,SD,66,0
Faulkner,AR,4794,128
Fauquier,VA,8079,156
Fayette,AL,389,0
Fayette,GA,10279,562
Fayette,IL,882,96
Fayette,IN,2963,242
Fayette,IA,991,0
Fayette,KY,21989,572
Fayette,OH,1194,0
Fayette,PA,4477,201
Fayette,TN,3922,65
Fayette,TX,1260,56
Fayette,WV,1223,48
Fentress,TN,325,0
Ferry,WA,68,0
Fillmore,MN,832,39
Fillmore,NE,129,0
Finney,KS,36175,176
Fisher,TX,30,9
Flagler,FL,7032,166
Flathead,MT,2207,89
Fleming,KY,104,0
Florence,SC,19329,1058
Florence,WI,113,0
Floyd,GA,9617,612
Floyd,IN,11891,1227
Floyd,IA,304,22
Floyd,KY,626,0
Floyd,TX,203,0
Floyd,VA,146,0
Fluvanna,VA,3842,234
Fond du Lac,WI,5976,201
Ford,IL,642,55
Ford,KS,44591,56
Forest,PA,378,0
Forest,WI,278,6
Forrest,MS,15780,920
Forsyth,GA,18079,506
Forsyth,NC,24010,322
Fort Bend,TX,66766,1590
Foster,ND,68,0
Fountain,IN,671,106
Franklin,AL,10652,113
Franklin,AR,111,0
Franklin,FL,116,0
Franklin,GA,1277,32
Franklin,ID,5,0
Franklin,IL,478,0
Franklin,IN,5813,471
Franklin,IA,252,0
Franklin,KS,1237,0
Franklin,KY,1071,0
Franklin,LA,9359,260
Franklin,ME,1394,37
Franklin,MA,14457,2069
Franklin,MS,1029,47
Franklin,MO,6472,552
Franklin,NE,229,0
Franklin,NY,950,0
Franklin,NC,5684,805
Franklin,OH,173765,6057
Franklin,PA,21287,717
Franklin,TN,2015,59
Franklin,TX,237,0
Franklin,VT,5197,242
Franklin,VA,1360,21
Franklin,WA,21825,613
Franklin city,VA,1232,36
Frederick,MD,58607,3318
Frederick,VA,8598,83
Fredericksburg city,VA,3212,0
Freeborn,MN,2714,0
Freestone,TX,284,0
Fremont,CO,1081,0
Fremont,ID,152,0
Fremont,IA,77,0
Fremont,WY,8403,193
Fresno,CA,45146,688
Frio,TX,960,0
Frontier,NE,33,0
Fulton,AR,132,0
Fulton,GA,173233,7319
Fulton,IL,249,2
Fulton,IN,1479,32
Fulton,KY,86,0
Fulton,NY,5501,267
Fulton,OH,1365,0
Fulton,PA,384,15
Furnas,NE,199,0
Gadsden,FL,7133,22
Gage,NE,1988,151
Gaines,TX,199,0
Galax city,VA,2104,0
Gallatin,IL,105,0
Gallatin,KY,222,8
Gallatin,MT,9002,34
Gallia,OH,371,69
Galveston,TX,34366,1324
Garfield,CO,5644,116
Garfield,NE,1,0
Garfield,OK,974,52
Garfield,UT,135,0
Garland,AR,6726,26
Garrard,KY,141,0
Garrett,MD,349,0
Garvin,OK,829,33
Garza,TX,121,0
Gasconade,MO,120,0
Gaston,NC,9051,240
Gates,NC,576,10
Geary,KS,703,0
Geauga,OH,9422,882
Gem,ID,787,0
Genesee,MI,88802,9879
Genesee,NY,8127,145
Geneva,AL,795,0
Gentry,MO,255,3
George,MS,806,44
Georgetown,SC,2677,138
Gibson,IN,485,20
Gibson,TN,2511,40
Gila,AZ,837,30
Gilchrist,FL,347,0
Giles,TN,455,0
Giles,VA,245,0
Gillespie,TX,189,0
Gilmer,GA,3968,2
Gilmer,WV,238,0
Gilpin,CO,96,0
Glacier,MT,287,0
Glades,FL,563,62
Gladwin,MI,751,42
Glascock,GA,25,0
Glasscock,TX,32,0
Glenn,CA,406,0
Gloucester,NJ,75871,3766
Gloucester,VA,1455,41
Glynn,GA,3793,39
Gogebic,MI,257,67
Golden Valley,MT,141,0
Goliad,TX,346,0
Gonzales,TX,2306,71
Goochland,VA,4010,199
Goodhue,MN,1624,27
Gooding,ID,1016,0
Gordon,GA,5691,633
Goshen,WY,257,0
Gosper,NE,506,0
Gove,KS,66,0
Grady,GA,3464,157
Grady,OK,2458,86
Grafton,NH,3593,31
Graham,AZ,798,8
Graham,NC,62,0
Grainger,TN,308,0
Grand,CO,353,0
Grand,UT,182,0
Grand Forks,ND,11948,67
Grand Isle,VT,217,0
Grand Traverse,MI,1213,264
Grant,AR,785,0
Grant,IN,8006,701
Grant,KS,422,0
Grant,KY,1422,146
Grant,LA,990,20
Grant,MN,63,0
Grant,NM,757,0
Grant,ND,83,0
Grant,OK,110,0
Grant,OR,73,0
Grant,SD,199,0
Grant,WA,10917,125
Grant,WV,210,0
Grant,WI,2686,342
Granville,NC,9107,291
Gratiot,MI,1666,147
Graves,KY,6027,651
Gray,KS,427,0
Gray,TX,3145,22
Grays Harbor,WA,748,0
Grayson,KY,3800,235
Grayson,TX,5837,21
Grayson,VA,572,0
Greeley,NE,77,0
Green,KY,59,0
Green,WI,1548,0
Green Lake,WI,344,0
Greenbrier,WV,352,0
Greene,AL,3188,105
Greene,AR,1309,0
Greene,GA,2913,204
Greene,IL,163,0
Greene,IN,5557,677
Greene,IA,418,0
Greene,MS,297,38
Greene,MO,5924,500
Greene,NY,8381,95
Greene,NC,1770,36
Greene,OH,3212,210
Greene,PA,1503,15
Greene,TN,2373,109
Greene,VA,774,41
Greenlee,AZ,133,0
Greensville,VA,2104,263
Greenup,KY,592,0
Greenville,SC,46331,1810
Greenwood,KS,155,0
Greenwood,SC,3211,18
Greer,OK,3394,333
Gregg,TX,6224,59
Gregory,SD,1,0
Grenada,MS,2358,62
Griggs,ND,10,0
Grimes,TX,2411,46
Grundy,IL,2818,36
Grundy,IA,646,0
Grundy,MO,19,0
Grundy,TN,1593,48
Guadalupe,NM,638,0
Guadalupe,TX,4887,0
Guernsey,OH,1028,2
Guilford,NC,30500,1757
Gulf,FL,61,0
Gunnison,CO,9578,272
Guthrie,IA,1245,52
Gwinnett,GA,114277,4067
Habersham,GA,15786,549
Hale,AL,3605,117
Hale,TX,1724,184
Halifax,NC,4288,45
Halifax,VA,1042,0
Hall,GA,83026,1274
Hall,NE,54816,1401
Hall,TX,20,0
Hamblen,TN,1035,92
Hamilton,FL,3493,0
Hamilton,IL,86,0
Hamilton,IN,47061,3645
Hamilton,IA,562,0
Hamilton,KS,344,0
Hamilton,NE,2292,366
Hamilton,NY,253,0
Hamilton,OH,82378,4323
Hamilton,TN,17206,747
Hamilton,TX,290,9
Hamlin,SD,134,0
Hampden,MA,219206,20466
Hampshire,MA,31080,2305
Hampshire,WV,560,43
Hampton,SC,1314,5
Hampton city,VA,7097,109
Hancock,GA,4763,308
Hancock,IL,446,0
Hancock,IN,12815,868
Hancock,IA,337,0
Hancock,KY,323,0
Hancock,ME,487,24
Hancock,MS,3878,418
Hancock,OH,2078,53
Hancock,TN,13,0
Hancock,WV,644,0
Hand,SD,40,0
Hanover,VA,8555,623
Hansford,TX,492,55
Haralson,GA,1661,77
Hardee,FL,1766,0
Hardeman,TN,4589,0
Hardeman,TX,9,0
Hardin,IL,41,0
Hardin,IA,467,0
Hardin,KY,3074,53
Hardin,OH,1388,0
Hardin,TN,391,24
Hardin,TX,5738,190
Harding,NM,39,0
Hardy,WV,852,0
Harford,MD,26573,1176
Harlan,KY,25,0
Harlan,NE,7,0
Harnett,NC,9365,617
Harney,OR,34,0
Harper,KS,37,0
Harper,OK,44,0
Harris,GA,3253,132
Harris,TX,408356,7661
Harrison,IN,7473,593
Harrison,IA,999,0
Harrison,KY,1217,0
Harrison,MS,10648,330
Harrison,MO,373,0
Harrison,OH,292,0
Harrison,TX,7213,530
Harrison,WV,1962,56
Harrisonburg city,VA,25046,711
Hart,GA,800,0
Hart,KY,565,0
Hartford,CT,343306,39741
Hartley,TX,311,53
Harvey,KS,520,29
Haskell,KS,518,0
Haskell,OK,211,0
Haskell,TX,33,0
Hawaii,HI,3876,0
Hawkins,TN,1653,110
Hays,TX,10650,96
Haywood,NC,916,0
Haywood,TN,1216,61
Heard,GA,808,79
Hemphill,TX,58,0
Hempstead,AR,429,53
Henderson,IL,255,0
Henderson,KY,3857,100
Henderson,NC,11294,1288
Henderson,TN,445,0
Henderson,TX,1760,6
Hendricks,IN,43716,2646
Hendry,FL,7712,305
Hennepin,MN,179640,16036
Henrico,VA,53885,5122
Henry,AL,1755,46
Henry,GA,28689,741
Henry,IL,2638,0
Henry,IN,4290,147
Henry,IA,2194,57
Henry,KY,482,0
Henry,MO,433,84
Henry,OH,390,0
Henry,TN,869,0
Henry,VA,1705,62
Herkimer,NY,4014,76
Hernando,FL,5485,218
Hertford,NC,2179,59
Hickman,KY,157,0
Hickman,TN,1928,0
Hidalgo,NM,14,0
Hidalgo,TX,19971,342
Highland,OH,683,28
Highland,VA,85,0
Highlands,FL,5033,401
Hill,MT,68,0
Hill,TX,938,46
Hillsborough,FL,76872,2091
Hillsborough,NH,69083,3149
Hillsdale,MI,7285,957
Hinds,MS,32467,678
Hinsdale,CO,170,0
Hitchcock,NE,32,0
Hocking,OH,1511,74
Hockley,TX,1205,59
Hodgeman,KS,19,0
Hoke,NC,5587,10
Holmes,FL,532,0
Holmes,MS,10494,700
Holmes,OH,571,42
Holt,MO,48,0
Holt,NE,29,0
Honolulu,HI,24187,522
Hood,TX,1138,153
Hood River,OR,516,0
Hopewell city,VA,2088,0
Hopkins,KY,9962,1187
Hopkins,TX,482,0
Horry,SC,14156,901
Hot Spring,AR,1104,0
Hot Springs,WY,306,0
Houghton,MI,129,0
Houston,AL,5859,182
Houston,GA,14015,769
Houston,MN,82,0
Houston,TN,312,0
Houston,TX,1372,0
Howard,AR,771,1
Howard,IN,11220,592
Howard,IA,454,0
Howard,MD,57493,1540
Howard,MO,122,0
Howard,NE,1064,31
Howard,TX,227,51
Howell,MO,277,0
Hubbard,MN,13,0
Hudson,NJ,804876,42914
Hudspeth,TX,8,0
Huerfano,CO,130,0
Hughes,OK,3,0
Hughes,SD,651,0
Humboldt,CA,3985,26
Humboldt,IA,302,0
Humboldt,NV,2833,133
Humphreys,MS,1634,221
Humphreys,TN,535,37
Hunt,TX,2723,134
Hunterdon,NJ,36652,1912
Huntingdon,PA,5782,17
Huntington,IN,759,100
Huron,MI,1395,31
Huron,OH,1855,64
Hutchinson,SD,174,0
Hutchinson,TX,963,0
Hyde,NC,33,0
Hyde,SD,49,0
Iberia,LA,15404,1204
Iberville,LA,24039,1656
Ida,IA,172,0
Idaho,ID,185,0
Imperial,CA,32479,591
Independence,AR,889,0
Indian River,FL,5730,343
Indiana,PA,3741,207
Ingham,MI,28353,775
Inyo,CA,1110,39
Ionia,MI,4419,132
Iosco,MI,2482,307
Iowa,IA,1194,0
Iowa,WI,511,0
Iredell,NC,7961,208
Iron,MO,94,0
Iron,UT,1600,0
Iron,WI,117,66
Iroquois,IL,3473,84
Irwin,GA,1063,40
Isabella,MI,3248,358
Isanti,MN,670,0
Island,WA,10995,535
Isle of Wight,VA,5279,108
Itasca,MN,1242,119
Itawamba,MS,2934,217
Izard,AR,453,0
Jack,TX,195,0
Jackson,AL,2914,121
Jackson,AR,51,0
Jackson,FL,4443,3
Jackson,GA,5536,129
Jackson,IL,7065,419
Jackson,IN,11578,50
Jackson,IA,378,0
Jackson,KS,1235,5
Jackson,KY,2726,433
Jackson,LA,2656,248
Jackson,MI,19201,1077
Jackson,MN,1123,0
Jackson,MS,14109,506
Jackson,MO,21014,762
Jackson,NC,786,27
Jackson,OH,369,0
Jackson,OK,899,32
Jackson,OR,3085,0
Jackson,SD,20,0
Jackson,TN,526,0
Jackson,TX,605,18
Jackson,WV,6089,637
Jackson,WI,711,49
James City,VA,10285,683
Jasper,GA,1227,11
Jasper,IL,1908,235
Jasper,IN,2120,67
Jasper,IA,8555,328
Jasper,MS,3867,95
Jasper,MO,1379,0
Jasper,SC,1314,53
Jasper,TX,1078,73
Jay,IN,1192,0
Jeff Davis,GA,998,42
Jefferson,AL,61977,2930
Jefferson,AR,15022,783
Jefferson,CO,83382,4856
Jefferson,FL,1376,97
Jefferson,GA,980,53
Jefferson,ID,341,0
Jefferson,IL,3870,538
Jefferson,IN,1627,18
Jefferson,IA,501,0
Jefferson,KS,683,0
Jefferson,KY,81829,5612
Jefferson,LA,367812,19812
Jefferson,MS,1228,3
Jefferson,MO,14730,490
Jefferson,MT,156,0
Jefferson,NE,177,0
Jefferson,NY,3541,0
Jefferson,OH,2572,66
Jefferson,OK,123,0
Jefferson,OR,759,0
Jefferson,PA,276,0
Jefferson,TN,1275,2
Jefferson,TX,17884,1047
Jefferson,WA,1845,0
Jefferson,WV,5154,34
Jefferson,WI,2886,56
Jefferson Davis,LA,3447,299
Jefferson Davis,MS,2202,67
Jenkins,GA,846,54
Jennings,IN,5166,194
Jerauld,SD,512,38
Jerome,ID,4225,107
Jersey,IL,765,37
Jessamine,KY,2393,0
Jewell,KS,206,0
Jim Hogg,TX,123,0
Jim Wells,TX,286,0
Jo Daviess,IL,941,1
Johnson,AR,1658,0
Johnson,GA,2931,90
Johnson,IL,229,0
Johnson,IN,40374,3885
Johnson,IA,26080,295
Johnson,KS,30680,2361
Johnson,KY,175,0
Johnson,MO,3419,0
Johnson,NE,228,0
Johnson,TN,422,0
Johnson,TX,5735,151
Johnson,WY,892,49
Johnston,NC,11150,785
Johnston,OK,142,0
Jones,GA,1461,0
Jones,IA,1380,0
Jones,MS,12475,318
Jones,NC,861,96
Jones,TX,4430,0
Josephine,OR,1319,51
Juab,UT,360,0
Juneau,WI,911,50
Juneau City and Borough,AK,1547,0
Juniata,PA,4308,68
Kalamazoo,MI,25567,1414
Kalkaska,MI,990,120
Kanabec,MN,249,13
Kanawha,WV,9265,479
Kandiyohi,MN,11564,34
Kane,IL,147749,4383
Kane,UT,170,0
Kankakee,IL,31685,1662
Kansas City,MO,38292,915
Karnes,TX,195,0
Kauai,HI,1306,0
Kaufman,TX,5730,45
Kay,OK,2905,333
Kearney,NE,377,0
Kearny,KS,1165,13
Keith,NE,54,0
Kemper,MS,3875,243
Kenai Peninsula Borough,AK,1304,26
Kendall,IL,20903,646
Kendall,TX,1076,0
Kennebec,ME,5741,338
Kenosha,WI,31780,709
Kent,DE,46450,1767
Kent,MD,4854,418
Kent,MI,100897,2265
Kent,RI,35696,1300
Kenton,KY,17858,1222
Keokuk,IA,373,0
Kern,CA,62672,808
Kerr,TX,430,0
Kershaw,SC,15009,579
Ketchikan Gateway Borough,AK,1063,0
Kewaunee,WI,1051,48
Kimball,NE,572,0
Kimble,TX,24,0
King,WA,390280,27392
King George,VA,1979,162
King William,VA,568,13
King and Queen,VA,247,4
Kingfisher,OK,457,0
Kings,CA,14263,76
Kingsbury,SD,3,0
Kinney,TX,2,0
Kiowa,KS,68,0
Kiowa,OK,251,0
Kit Carson,CO,1137,103
Kitsap,WA,9203,103
Kittitas,WA,2003,0
Kittson,MN,44,0
Klamath,OR,2084,0
Kleberg,TX,529,49
Klickitat,WA,1159,157
Knott,KY,178,0
Knox,IL,2826,0
Knox,IN,1159,0
Knox,KY,309,0
Knox,ME,948,0
Knox,NE,284,0
Knox,OH,999,60
Knox,TN,14995,261
Knox,TX,55,0
Kodiak Island Borough,AK,46,0
Koochiching,MN,137,0
Kootenai,ID,3605,0
Kosciusko,IN,2605,88
Kossuth,IA,181,0
La Crosse,WI,2121,0
La Paz,AZ,1267,81
La Plata,CO,3633,23
La Salle,TX,106,0
LaGrange,IN,1953,90
LaPorte,IN,13593,576
LaSalle,IL,4337,253
LaSalle,LA,1550,2
Labette,KS,1150,0
Lac qui Parle,MN,112,0
Lackawanna,PA,55542,5092
Laclede,MO,66,0
Lafayette,AR,385,36
Lafayette,FL,187,0
Lafayette,LA,29232,1098
Lafayette,MS,4932,160
Lafayette,MO,2869,74
Lafayette,WI,559,0
Lafourche,LA,37144,2552
Lake,CA,476,0
Lake,CO,1000,0
Lake,FL,13384,605
Lake,IL,249928,8468
Lake,IN,116029,5847
Lake,MI,140,0
Lake,MN,25,0
Lake,MT,313,0
Lake,OH,10916,460
Lake,OR,10,0
Lake,SD,237,0
Lake,TN,8785,0
Lamar,AL,718,0
Lamar,GA,2115,38
Lamar,MS,7055,157
Lamar,TX,3635,165
Lamb,TX,360,0
Lamoille,VT,1554,54
Lampasas,TX,296,0
Lancaster,NE,26745,178
Lancaster,PA,106420,9960
Lancaster,SC,5557,192
Lancaster,VA,261,0
Lander,NV,574,0
Lane,KS,24,0
Lane,OR,3218,115
Langlade,WI,19,0
Lanier,GA,556,73
Lapeer,MI,8924,1279
Laramie,WY,8186,61
Larimer,CO,22307,1019
Larue,KY,315,0
Las Animas,CO,195,0
Lassen,CA,39,0
Latah,ID,275,0
Latimer,OK,282,58
Lauderdale,AL,4120,153
Lauderdale,MS,22912,1734
Lauderdale,TN,1597,14
Laurel,KY,925,98
Laurens,GA,3889,52
Laurens,SC,2157,105
Lavaca,TX,367,37
Lawrence,AL,1240,0
Lawrence,AR,2930,161
Lawrence,IL,171,0
Lawrence,IN,6112,846
Lawrence,KY,80,0
Lawrence,MS,2871,10
Lawrence,MO,175,0
Lawrence,OH,1327,1
Lawrence,PA,3683,358
Lawrence,SD,570,0
Lawrence,TN,1036,0
Le Flore,OK,563,24
Le Sueur,MN,1771,20
Lea,NM,692,0
Leake,MS,12507,208
Leavenworth,KS,31873,251
Lebanon,PA,37375,754
Lee,AL,22398,1345
Lee,AR,390,48
Lee,FL,66232,3136
Lee,GA,18298,1157
Lee,IL,2379,18
Lee,IA,667,0
Lee,KY,4,0
Lee,MS,4586,240
Lee,NC,10691,70
Lee,SC,5505,452
Lee,TX,300,1
Lee,VA,488,0
Leelanau,MI,493,0
Leflore,MS,8757,926
Lehigh,PA,160611,5700
Lemhi,ID,37,0
Lenawee,MI,5868,90
Lenoir,NC,5179,187
Leon,FL,13491,203
Leon,TX,378,0
Leslie,KY,211,0
Letcher,KY,158,0
Levy,FL,1037,2
Lewis,KY,269,0
Lewis,MO,256,40
Lewis,NY,675,0
Lewis,TN,145,0
Lewis,WA,1690,151
Lewis,WV,209,10
Lewis and Clark,MT,1044,0
Lexington,SC,22823,1035
Lexington city,VA,256,0
Liberty,FL,5284,0
Liberty,GA,2369,0
Liberty,MT,62,0
Liberty,TX,2866,61
Licking,OH,8227,344
Limestone,AL,3272,0
Limestone,TX,810,58
Lincoln,AR,36764,215
Lincoln,CO,162,0
Lincoln,GA,691,4
Lincoln,ID,1409,0
Lincoln,KY,279,47
Lincoln,LA,5075,434
Lincoln,ME,909,0
Lincoln,MN,185,0
Lincoln,MS,8733,671
Lincoln,MO,3103,54
Lincoln,MT,443,66
Lincoln,NE,1863,97
Lincoln,NV,43,0
Lincoln,NM,109,0
Lincoln,NC,1997,0
Lincoln,OK,880,57
Lincoln,OR,371,0
Lincoln,SD,8374,0
Lincoln,TN,857,0
Lincoln,WA,129,0
Lincoln,WV,155,0
Lincoln,WI,87,0
Lincoln,WY,605,0
Linn,IA,37269,2649
Linn,KS,425,0
Linn,MO,281,49
Linn,OR,5409,404
Lipscomb,TX,67,0
Litchfield,CT,54241,4676
Little River,AR,48,0
Live Oak,TX,313,0
Livingston,IL,1295,53
Livingston,KY,249,0
Livingston,LA,14101,897
Livingston,MI,19250,977
Livingston,MO,139,0
Livingston,NY,4401,145
Llano,TX,198,0
Logan,AR,174,1
Logan,CO,16115,91
Logan,IL,389,0
Logan,KY,2676,71
Logan,OH,1171,0
Logan,OK,845,33
Logan,WV,713,50
Long,GA,320,11
Lonoke,AR,2238,0
Lorain,OH,25935,1917
Los Alamos,NM,319,0
Los Angeles,CA,1550800,70078
Loudon,TN,3102,0
Loudoun,VA,59311,1430
Louisa,IA,13752,181
Louisa,VA,2760,10
Love,OK,262,0
Lowndes,AL,5033,242
Lowndes,GA,9340,212
Lowndes,MS,4628,180
Lubbock,TX,29695,2224
Lucas,IA,107,0
Lucas,OH,78487,6985
Luce,MI,85,0
Lumpkin,GA,3123,41
Luna,NM,291,32
Lunenburg,VA,292,0
Luzerne,PA,121625,4845
Lycoming,PA,5114,281
Lyman,SD,273,0
Lynchburg city,VA,3234,41
Lynn,TX,300,41
Lyon,IA,671,0
Lyon,KS,12916,88
Lyon,KY,753,151
Lyon,MN,912,0
Lyon,NV,1827,4
Mackinac,MI,310,0
Macomb,MI,307543,32173
Macon,AL,2266,109
Macon,GA,3951,179
Macon,IL,6466,660
Macon,MO,136,0
Macon,NC,401,55
Macon,TN,3334,155
Macoupin,IL,1739,31
Madera,CA,3487,125
Madison,AL,14535,223
Madison,AR,137,0
Madison,FL,2657,115
Madison,GA,1474,63
Madison,ID,805,0
Madison,IL,19374,1470
Madison,IN,24591,2804
Madison,IA,588,53
Madison,KY,1901,57
Madison,LA,1178,0
Madison,MS,19882,592
Madison,MO,106,0
Madison,MT,514,63
Madison,NE,9012,157
Madison,NY,11280,164
Madison,NC,62,0
Madison,OH,4130,238
Madison,TN,7042,61
Madison,TX,205,0
Madison,VA,1049,28
Magoffin,KY,25,0
Mahaska,IA,1493,108
Mahnomen,MN,159,26
Mahoning,OH,52509,5569
Major,OK,212,48
Malheur,OR,752,0
Manassas Park city,VA,6287,112
Manassas city,VA,20928,170
Manatee,FL,36074,3179
Manistee,MI,619,0
Manitowoc,WI,880,36
Marathon,WI,1421,51
Marengo,AL,4057,198
Maricopa,AZ,286912,11463
Maries,MO,122,0
Marin,CA,16315,734
Marinette,WI,845,65
Marion,AL,4725,389
Marion,AR,53,0
Marion,FL,10009,237
Marion,GA,1976,60
Marion,IL,1886,0
Marion,IN,355973,20314
Marion,IA,751,0
Marion,KS,318,35
Marion,KY,855,0
Marion,MS,3885,282
Marion,MO,196,0
Marion,OH,104941,535
Marion,OR,34172,1057
Marion,SC,2055,145
Marion,TN,1759,61
Marion,TX,575,5
Marion,WV,2527,112
Mariposa,CA,468,17
Marlboro,SC,3252,10
Marquette,MI,2432,425
Marquette,WI,175,44
Marshall,AL,22128,347
Marshall,IL,220,0
Marshall,IN,2100,41
Marshall,IA,28106,218
Marshall,KY,1531,49
Marshall,MN,255,0
Marshall,MS,3008,127
Marshall,OK,179,0
Marshall,SD,99,0
Marshall,TN,1212,52
Marshall,WV,973,0
Martin,FL,15399,315
Martin,IN,373,0
Martin,KY,168,0
Martin,MN,5048,262
Martin,NC,1463,85
Martin,TX,149,27
Mason,IL,612,0
Mason,KY,374,0
Mason,MI,831,0
Mason,TX,959,0
Mason,WA,1545,36
Mason,WV,709,0
Massac,IL,262,0
Matagorda,TX,3677,246
Matanuska-Susitna Borough,AK,1112,48
Mathews,VA,242,0
Maui,HI,6331,274
Maury,TN,3042,29
Maverick,TX,2289,12
Mayes,OK,1314,196
McClain,OK,3454,68
McCook,SD,258,53
McCormick,SC,346,55
McCracken,KY,3202,107
McCreary,KY,608,0
McCulloch,TX,156,0
McCurtain,OK,644,2
McDonald,MO,430,0
McDonough,IL,1995,108
McDowell,NC,1631,37
McDowell,WV,317,0
McDuffie,GA,2568,211
McHenry,IL,44825,2222
McHenry,ND,90,63
McIntosh,GA,398,2
McIntosh,ND,67,0
McIntosh,OK,261,13
McKean,PA,383,25
McKenzie,ND,706,0
McKinley,NM,66213,2192
McLean,IL,7206,282
McLean,KY,773,5
McLean,ND,265,0
McLennan,TX,5591,211
McLeod,MN,601,0
McMinn,TN,4241,282
McNairy,TN,606,0
McPherson,KS,1241,0
McPherson,SD,37,0
Meade,KS,658,0
Meade,KY,685,76
Meade,SD,222,0
Meagher,MT,67,0
Mecklenburg,NC,115456,2714
Mecklenburg,VA,6551,536
Mecosta,MI,866,95
Medina,OH,11176,815
Medina,TX,1847,99
Meeker,MN,1039,0
Meigs,OH,161,0
Meigs,TN,745,0
Menard,IL,609,0
Mendocino,CA,754,0
Menifee,KY,271,0
Menominee,MI,259,0
Menominee,WI,94,0
Merced,CA,8601,225
Mercer,IL,517,0
Mercer,KY,610,0
Mercer,MO,1,0
Mercer,NJ,238580,14626
Mercer,ND,113,0
Mercer,OH,4123,100
Mercer,PA,4061,100
Mercer,WV,612,0
Meriwether,GA,3163,42
Merrick,NE,982,0
Merrimack,NH,11025,383
Mesa,CO,2638,0
Metcalfe,KY,97,2
Miami,IN,4952,30
Miami,KS,296,0
Miami,OH,12541,1467
Miami-Dade,FL,720636,21761
Middlesex,CT,39038,4780
Middlesex,MA,804802,50542
Middlesex,NJ,655376,34153
Middlesex,VA,412,0
Midland,MI,3399,291
Midland,TX,4883,428
Mifflin,PA,2142,14
Milam,TX,984,38
Millard,UT,291,0
Mille Lacs,MN,344,43
Miller,AR,1943,40
Miller,GA,1687,0
Miller,MO,122,0
Mills,IA,367,0
Mills,TX,13,0
Milwaukee,WI,216829,10819
Miner,SD,52,0
Mineral,CO,126,0
Mineral,NV,143,0
Mineral,WV,1124,7
Mingo,WV,144,47
Minidoka,ID,914,0
Minnehaha,SD,119567,1171
Missaukee,MI,670,66
Mississippi,AR,1960,20
Mississippi,MO,1573,0
Missoula,MT,2248,58
Mitchell,GA,17138,1510
Mitchell,IA,175,0
Mitchell,KS,187,0
Mitchell,NC,331,0
Mitchell,TX,55,0
Mobile,AL,68717,3661
Modoc,CA,2,0
Moffat,CO,335,0
Mohave,AZ,9047,939
Moniteau,MO,1883,16
Monmouth,NJ,352546,20567
Mono,CA,1716,62
Monona,IA,708,0
Monongalia,WV,6181,242
Monroe,AL,909,73
Monroe,AR,218,0
Monroe,FL,4980,179
Monroe,GA,2758,210
Monroe,IL,3917,478
Monroe,IN,7392,385
Monroe,IA,564,51
Monroe,KY,345,0
Monroe,MI,18925,732
Monroe,MS,8657,811
Monroe,MO,10,0
Monroe,NY,97320,6557
Monroe,OH,1337,127
Monroe,PA,64536,3353
Monroe,TN,1636,59
Monroe,WV,265,0
Monroe,WI,769,34
Montague,TX,383,41
Montcalm,MI,2419,55
Monterey,CA,14205,334
Montezuma,CO,1206,133
Montgomery,AL,33308,778
Montgomery,AR,38,0
Montgomery,GA,232,0
Montgomery,IL,1469,3
Montgomery,IN,5978,296
Montgomery,IA,170,0
Montgomery,KS,972,116
Montgomery,KY,789,0
Montgomery,MD,318010,16717
Montgomery,MS,2562,62
Montgomery,MO,422,0
Montgomery,NY,3201,115
Montgomery,NC,2462,113
Montgomery,OH,20830,577
Montgomery,PA,256697,21358
Montgomery,TN,9345,122
Montgomery,TX,35012,783
Montgomery,VA,3011,37
Montmorency,MI,226,0
Montour,PA,2740,3
Montrose,CO,6103,526
Moody,SD,492,0
Moore,NC,5451,281
Moore,TN,131,0
Moore,TX,19071,337
Morehouse,LA,3652,213
Morgan,AL,5516,20
Morgan,CO,20625,1068
Morgan,GA,1528,0
Morgan,IL,1350,63
Morgan,IN,10387,618
Morgan,KY,50,0
Morgan,MO,282,0
Morgan,OH,224,0
Morgan,TN,534,0
Morgan,UT,489,0
Morgan,WV,694,0
Morrill,NE,278,0
Morris,KS,199,0
Morris,NJ,293336,23261
Morris,TX,533,0
Morrison,MN,767,0
Morrow,OH,3369,35
Morrow,OR,485,0
Morton,KS,161,0
Morton,ND,2131,112
Motley,TX,49,0
Moultrie,IL,306,0
Mountrail,ND,1949,0
Mower,MN,3912,13
Muhlenberg,KY,15154,244
Multnomah,OR,43051,2376
Murray,GA,2358,31
Murray,MN,1013,0
Murray,OK,92,0
Muscatine,IA,20230,1014
Muscogee,GA,19158,533
Muskegon,MI,18130,982
Muskingum,OH,1298,0
Muskogee,OK,1733,270
Musselshell,MT,64,0
Nacogdoches,TX,9115,531
Nance,NE,142,0
Nantucket,MA,677,0
Napa,CA,4181,142
Nash,NC,5947,133
Nassau,FL,3217,30
Nassau,NY,2009447,113396
Natchitoches,LA,4984,344
Natrona,WY,3049,4
Navajo,AZ,50941,1648
Navarro,TX,1738,117
Nelson,KY,1377,2
Nelson,ND,49,0
Nelson,VA,527,0
Nemaha,KS,162,0
Nemaha,NE,107,0
Neosho,KS,131,0
Neshoba,MS,14297,688
Ness,KS,14,0
Nevada,AR,140,0
Nevada,CA,2422,59
New Castle,DE,116413,4589
New Hanover,NC,5660,139
New Haven,CT,427358,30924
New Kent,VA,1318,45
New London,CT,34939,2365
New Madrid,MO,635,14
New York City,NY,9829039,946897
Newaygo,MI,1997,0
Newberry,SC,1653,54
Newport,RI,8835,116
Newport News city,VA,8559,398
Newton,AR,147,0
Newton,GA,11931,394
Newton,IN,2920,405
Newton,MS,6307,61
Newton,MO,736,40
Newton,TX,166,0
Nez Perce,ID,3426,846
Niagara,NY,30494,1269
Nicholas,KY,75,0
Nicholas,WV,352,21
Nicollet,MN,1514,144
Niobrara,WY,104,0
Noble,IN,5618,673
Noble,OH,245,0
Noble,OK,412,0
Nobles,MN,44103,76
Nodaway,MO,280,0
Nolan,TX,72,0
Nome Census Area,AK,66,0
Norfolk,MA,326633,27647
Norfolk city,VA,14125,210
Norman,MN,406,0
North Slope Borough,AK,4,0
Northampton,NC,5706,321
Northampton,PA,119879,6224
Northampton,VA,5984,301
Northumberland,PA,5939,37
Northumberland,VA,657,25
Northwest Arctic Borough,AK,21,0
Norton,KS,60,0
Norton city,VA,82,0
Nottoway,VA,720,0
Nowata,OK,1086,0
Noxubee,MS,4664,103
Nuckolls,NE,16,0
Nueces,TX,8723,115
Nye,NV,2226,18
O'Brien,IA,720,0
Oakland,MI,411446,39522
Obion,TN,845,60
Ocean,NJ,368974,24253
Oceana,MI,1688,74
Ochiltree,TX,1202,59
Oconee,GA,3962,74
Oconee,SC,1694,0
Oconto,WI,1008,0
Ogemaw,MI,712,4
Oglala Lakota,SD,311,0
Ogle,IL,6610,90
Oglethorpe,GA,2439,187
Ohio,IN,381,0
Ohio,KY,4177,0
Ohio,WV,1824,49
Okaloosa,FL,9019,222
Okanogan,WA,1562,66
Okeechobee,FL,1441,0
Okfuskee,OK,87,0
Oklahoma,OK,48078,2094
Okmulgee,OK,1001,0
Oktibbeha,MS,4666,258
Oldham,KY,2153,42
Oldham,TX,193,68
Oliver,ND,63,0
Olmsted,MN,18939,380
Oneida,NY,30315,1179
Oneida,WI,384,0
Onondaga,NY,62900,3139
Onslow,NC,3171,90
Ontario,NY,6399,317
Orange,CA,179861,3740
Orange,FL,83950,1709
Orange,IN,4534,715
Orange,NY,478839,14195
Orange,NC,13035,1158
Orange,TX,3979,60
Orange,VT,446,0
Orange,VA,2402,3
Orangeburg,SC,5080,73
Oregon,MO,85,0
Orleans,LA,386728,24091
Orleans,NY,6057,552
Orleans,VT,570,0
Osage,KS,316,0
Osage,MO,277,0
Osage,OK,4385,436
Osborne,KS,117,0
Osceola,FL,29946,622
Osceola,IA,834,0
Osceola,MI,464,0
Oscoda,MI,262,24
Oswego,NY,3994,14
Otero,CO,571,38
Otero,NM,2957,24
Otoe,NE,168,0
Otsego,MI,4681,407
Otsego,NY,3495,270
Ottawa,KS,214,0
Ottawa,MI,19350,815
Ottawa,OH,2581,149
Ottawa,OK,1738,58
Otter Tail,MN,1347,0
Ouachita,AR,410,0
Ouachita,LA,42151,1219
Ouray,CO,319,53
Outagamie,WI,5353,185
Overton,TN,681,0
Owen,IN,1505,52
Owen,KY,39,0
Owsley,KY,104,0
Owyhee,ID,395,0
Oxford,ME,1071,0
Ozaukee,WI,6207,600
Pacific,WA,295,20
Page,IA,424,0
Page,VA,5569,446
Palm Beach,FL,196659,11499
Palo Alto,IA,60,0
Palo Pinto,TX,437,77
Pamlico,NC,418,0
Panola,MS,2433,118
Panola,TX,5825,481
Park,CO,766,0
Park,MT,462,0
Park,WY,88,0
Parke,IN,816,0
Parker,TX,2209,11
Parmer,TX,1017,0
Pasco,FL,15408,425
Pasquotank,NC,3053,181
Passaic,NJ,679152,31419
Patrick,VA,278,0
Paulding,GA,11223,439
Paulding,OH,463,0
Pawnee,OK,1772,123
Payette,ID,908,80
Payne,OK,2432,37
Peach,GA,2922,138
Pearl River,MS,9297,1034
Pecos,TX,902,0
Pembina,ND,177,0
Pemiscot,MO,2290,105
Pend Oreille,WA,115,0
Pender,NC,1604,27
Pendleton,KY,313,0
Pendleton,WV,246,0
Pennington,MN,169,0
Pennington,SD,2780,24
Penobscot,ME,4110,18
Peoria,IL,6028,226
Pepin,WI,18,0
Perquimans,NC,802,57
Perry,AL,896,0
Perry,AR,422,0
Perry,IL,1267,0
Perry,IN,1024,17
Perry,KY,649,0
Perry,MS,1769,86
Perry,MO,2543,0
Perry,OH,713,27
Perry,PA,1785,65
Perry,TN,591,0
Pershing,NV,7,0
Person,NC,1371,33
Petersburg Borough,AK,133,0
Petersburg city,VA,2673,87
Pettis,MO,2353,20
Phelps,MO,116,0
Phelps,NE,461,0
Philadelphia,PA,840156,39563
Phillips,AR,314,50
Phillips,CO,416,0
Phillips,KS,68,0
Piatt,IL,433,0
Pickaway,OH,80515,973
Pickens,AL,3312,101
Pickens,GA,1639,143
Pickens,SC,3975,68
Pickett,TN,45,0
Pierce,GA,3579,152
Pierce,NE,80,0
Pierce,ND,174,0
Pierce,WA,87776,2935
Pierce,WI,1015,0
Pike,AL,4667,0
Pike,AR,196,0
Pike,GA,2126,89
Pike,IL,58,0
Pike,IN,144,0
Pike,KY,831,94
Pike,MS,8035,379
Pike,MO,590,20
Pike,OH,207,0
Pike,PA,21394,809
Pima,AZ,78369,5878
Pinal,AZ,27184,991
Pine,MN,2858,0
Pinellas,FL,47604,2511
Pipestone,MN,285,0
Piscataquis,ME,43,0
Pitkin,CO,3574,131
Pitt,NC,8740,91
Pittsburg,OK,1638,111
Pittsylvania,VA,930,41
Piute,UT,31,0
Placer,CA,9720,471
Plaquemines,LA,10271,854
Platte,MO,2412,19
Platte,NE,13069,20
Platte,WY,11,0
Pleasants,WV,130,0
Plumas,CA,233,0
Plymouth,IA,2599,9
Plymouth,MA,289922,16941
Pocahontas,IA,141,0
Pocahontas,WV,308,0
Poinsett,AR,1179,65
Pointe Coupee,LA,6472,766
Polk,AR,498,0
Polk,FL,31940,1585
Polk,GA,3560,6
Polk,IA,98885,2816
Polk,MN,1853,41
Polk,MO,72,0
Polk,NE,384,0
Polk,NC,1276,68
Polk,OR,3621,259
Polk,TN,545,0
Polk,TX,1683,0
Polk,WI,353,12
Pondera,MT,90,0
Pontotoc,MS,1259,116
Pontotoc,OK,628,79
Pope,AR,3314,11
Pope,IL,24,0
Pope,MN,155,0
Poquoson city,VA,381,0
Portage,OH,13662,2176
Portage,WI,364,0
Porter,IN,16464,541
Portsmouth city,VA,9214,381
Posey,IN,684,0
Pottawatomie,KS,833,0
Pottawatomie,OK,2587,202
Pottawattamie,IA,4995,135
Potter,PA,247,0
Potter,TX,57259,727
Powell,KY,64,0
Power,ID,136,0
Poweshiek,IA,3107,246
Powhatan,VA,928,0
Prairie,AR,116,0
Pratt,KS,64,0
Preble,OH,1406,54
Prentiss,MS,1720,79
Presidio,TX,7,0
Presque Isle,MI,462,0
Preston,WV,775,8
Price,WI,62,0
Prince Edward,VA,3188,92
Prince George,VA,2554,0
Prince George's,MD,435434,15550
Prince William,VA,131593,2274
Prince of Wales-Hyder Census Area,AK,99,0
Providence,RI,358188,11533
Prowers,CO,304,0
Pueblo,CO,9014,569
Pulaski,AR,31919,1107
Pulaski,GA,1561,64
Pulaski,IL,1288,0
Pulaski,IN,1232,0
Pulaski,KY,2469,111
Pulaski,MO,1773,61
Pulaski,VA,503,0
Pushmataha,OK,48,0
Putnam,FL,5688,135
Putnam,GA,2640,251
Putnam,IL,18,0
Putnam,IN,4701,265
Putnam,NY,53071,2546
Putnam,OH,3059,434
Putnam,TN,11126,212
Putnam,WV,1348,3
Quay,NM,196,42
Queen Anne's,MD,4281,351
Quitman,GA,342,47
Quitman,MS,986,0
Rabun,GA,673,31
Racine,WI,35592,814
Radford city,VA,175,0
Rains,TX,110,0
Raleigh,WV,574,0
Ralls,MO,96,0
Ramsey,MN,53358,2447
Ramsey,ND,325,14
Randall,TX,18573,201
Randolph,AL,4605,287
Randolph,AR,1013,0
Randolph,GA,8571,913
Randolph,IL,8810,97
Randolph,IN,1760,119
Randolph,MO,484,0
Randolph,NC,15739,269
Randolph,WV,1059,0
Rankin,MS,12813,273
Ransom,ND,150,0
Rapides,LA,20518,689
Rappahannock,VA,347,0
Ravalli,MT,381,0
Ray,MO,649,0
Reagan,TX,8,0
Red Lake,MN,94,0
Red River,LA,1665,259
Red River,TX,908,62
Red Willow,NE,167,0
Redwood,MN,124,0
Reeves,TX,94,0
Refugio,TX,67,0
Reno,KS,2011,0
Rensselaer,NY,17788,1148
Renville,MN,261,0
Renville,ND,35,0
Republic,KS,218,0
Reynolds,MO,126,0
Rhea,TN,2375,0
Rice,KS,133,0
Rice,MN,7075,66
Richardson,NE,19,0
Richland,IL,138,0
Richland,LA,4079,49
Richland,MT,159,0
Richland,ND,482,0
Richland,OH,5965,96
Richland,SC,55148,2169
Richland,WI,625,107
Richmond,GA,21682,776
Richmond,NC,3881,97
Richmond,VA,7925,94
Richmond city,VA,29225,791
Riley,KS,2627,20
Ringgold,IA,39,0
Rio Arriba,NM,1277,4
Rio Blanco,CO,59,0
Rio Grande,CO,544,2
Ripley,IN,5705,282
Ripley,MO,291,0
Ritchie,WV,29,0
Riverside,CA,245803,9947
Roane,TN,522,0
Roane,WV,340,0
Roanoke,VA,3116,84
Roanoke city,VA,4386,147
Roberts,SD,754,0
Roberts,TX,92,0
Robertson,TN,12034,16
Robertson,TX,258,0
Robeson,NC,16821,373
Rock,MN,687,0
Rock,WI,15866,519
Rock Island,IL,22626,704
Rockbridge,VA,487,0
Rockcastle,KY,630,0
Rockdale,GA,11253,370
Rockingham,NH,46716,1957
Rockingham,NC,2029,113
Rockingham,VA,14768,113
Rockland,NY,653821,19721
Rockwall,TX,4870,205
Rogers,OK,3176,190
Rolette,ND,125,0
Rooks,KS,293,0
Roosevelt,MT,357,0
Roosevelt,NM,767,0
Roscommon,MI,894,0
Roseau,MN,60,0
Ross,OH,2381,50
Routt,CO,3186,233
Rowan,KY,195,0
Rowan,NC,22170,1140
Runnels,TX,67,0
Rush,IN,2193,86
Rusk,TX,1932,58
Rusk,WI,222,0
Russell,AL,4195,0
Russell,KY,918,150
Russell,VA,259,0
Rutherford,NC,6674,286
Rutherford,TN,34915,727
Rutland,VT,2706,46
Sabine,LA,1207,15
Sabine,TX,140,0
Sac,IA,211,0
Sacramento,CA,63176,2585
Sagadahoc,ME,1267,4
Saginaw,MI,37811,3502
Saguache,CO,706,5
Salem,NJ,17095,815
Salem city,VA,1128,30
Saline,AR,3806,57
Saline,IL,250,0
Saline,KS,1177,106
Saline,MO,9115,8
Saline,NE,12759,21
Salt Lake,UT,161905,2044
Saluda,SC,3765,3
Sampson,NC,8298,39
San Augustine,TX,1088,64
San Benito,CA,3280,135
San Bernardino,CA,142817,5937
San Diego,CA,244934,9130
San Francisco,CA,97688,1616
San Jacinto,TX,569,0
San Joaquin,CA,33100,1520
San Juan,CO,28,0
San Juan,NM,46621,3072
San Juan,UT,6601,136
San Juan,WA,854,0
San Luis Obispo,CA,11781,58
San Mateo,CA,77042,2992
San Miguel,CO,1084,0
San Miguel,NM,328,0
San Patricio,TX,965,0
San Saba,TX,13,0
Sanborn,SD,246,0
Sandoval,NM,22780,865
Sandusky,OH,2133,313
Sangamon,IL,11131,882
Sanilac,MI,1965,232
Sanpete,UT,267,0
Santa Barbara,CA,49820,442
Santa Clara,CA,133775,6486
Santa Cruz,AZ,3802,0
Santa Cruz,CA,8300,128
Santa Fe,NM,6394,64
Santa Rosa,FL,9390,433
Sarasota,FL,23181,2517
Saratoga,NY,20812,159
Sargent,ND,103,0
Sarpy,NE,12143,57
Sauk,WI,3242,177
Saunders,NE,809,24
Sawyer,WI,202,0
Schenectady,NY,27170,1271
Schley,GA,865,56
Schoharie,NY,2080,0
Schoolcraft,MI,179,0
Schuyler,IL,243,0
Schuyler,MO,20,0
Schuyler,NY,447,0
Schuylkill,PA,22205,678
Scioto,OH,552,0
Scotland,MO,205,0
Scotland,NC,1926,0
Scott,AR,62,0
Scott,IN,3445,137
Scott,IA,13398,327
Scott,KS,269,0
Scott,KY,1759,0
Scott,MN,7823,71
Scott,MS,19347,220
Scott,MO,3724,200
Scott,TN,621,0
Scott,VA,312,65
Scotts Bluff,NE,2187,0
Screven,GA,1021,58
Scurry,TX,148,0
Searcy,AR,397,0
Sebastian,AR,911,0
Sedgwick,KS,22660,691
Seminole,FL,22383,450
Seminole,GA,1777,94
Seminole,OK,818,88
Seneca,NY,2126,22
Seneca,OH,792,79
Sequatchie,TN,362,0
Sequoyah,OK,709,156
Sevier,AR,1962,39
Sevier,TN,2918,72
Sevier,UT,311,0
Seward,KS,26185,22
Seward,NE,726,41
Shackelford,TX,25,0
Shannon,MO,8,0
Sharkey,MS,287,0
Sharp,AR,960,46
Shasta,CA,1820,222
Shawano,WI,1072,0
Shawnee,KS,8512,300
Sheboygan,WI,3350,135
Shelby,AL,19863,741
Shelby,IL,528,33
Shelby,IN,15023,941
Shelby,IA,926,0
Shelby,KY,2937,146
Shelby,MO,68,0
Shelby,OH,1803,54
Shelby,TN,162993,3425
Shelby,TX,6576,159
Shenandoah,VA,10237,344
Sherburne,MN,4940,37
Sheridan,KS,82,0
Sheridan,WY,1015,0
Sherman,KS,200,0
Sherman,NE,83,0
Sherman,OR,57,0
Sherman,TX,814,0
Shiawassee,MI,9223,681
Sibley,MN,279,0
Sierra,CA,10,0
Sierra,NM,33,0
Silver Bow,MT,739,0
Simpson,KY,1725,121
Simpson,MS,2831,0
Sioux,IA,4111,0
Sioux,ND,80,0
Siskiyou,CA,340,0
Sitka City and Borough,AK,42,0
Skagit,WA,20231,671
Skamania,WA,173,0
Slope,ND,170,0
Smith,KS,92,0
Smith,MS,4558,285
Smith,TN,1152,47
Smith,TX,9021,199
Smyth,VA,720,0
Snohomish,WA,164392,6510
Snyder,PA,1720,65
Socorro,NM,2167,117
Solano,CA,18084,508
Somerset,ME,921,0
Somerset,MD,2007,20
Somerset,NJ,192117,14898
Somerset,PA,1493,19
Sonoma,CA,17637,185
Southampton,VA,5170,60
Southeast Fairbanks Census Area,AK,103,0
Spalding,GA,10783,602
Spartanburg,SC,18088,582
Spencer,IN,531,30
Spencer,KY,729,0
Spink,SD,201,0
Spokane,WA,22947,1361
Spotsylvania,VA,11987,171
St. Bernard,LA,27087,977
St. Charles,LA,31803,2084
St. Charles,MO,32752,2103
St. Clair,AL,4358,26
St. Clair,IL,33748,2427
St. Clair,MI,18586,1197
St. Clair,MO,107,0
St. Croix,WI,1734,0
St. Francis,AR,12978,10
St. Francois,MO,1597,72
St. Helena,LA,1720,46
St. James,LA,14871,1086
St. John the Baptist,LA,42741,3750
St. Johns,FL,12803,249
St. Joseph,IN,39519,1257
St. Joseph,MI,3075,61
St. Landry,LA,10616,2099
St. Lawrence,NY,9039,88
St. Louis,MN,4405,557
St. Louis,MO,186229,11716
St. Louis city,MO,71298,3888
St. Lucie,FL,15488,1174
St. Martin,LA,13306,954
St. Mary,LA,11983,1093
St. Mary's,MD,12110,425
St. Tammany,LA,75169,6045
Stafford,KS,64,0
Stafford,VA,18183,131
Stanislaus,CA,23072,813
Stanley,SD,296,0
Stanly,NC,1721,181
Stanton,KS,295,0
Stanton,NE,475,0
Stark,IL,78,0
Stark,ND,2924,105
Stark,OH,23611,2885
Starke,IN,1116,91
Starr,TX,777,0
Staunton city,VA,961,0
Ste. Genevieve,MO,458,56
Stearns,MN,48213,246
Steele,MN,3194,0
Steele,ND,15,0
Stephens,GA,4315,61
Stephens,OK,1328,60
Stephens,TX,83,0
Stephenson,IL,4501,26
Steuben,IN,2420,77
Steuben,NY,11410,678
Stevens,KS,772,0
Stevens,MN,5,0
Stevens,WA,536,49
Stewart,GA,1477,4
Stewart,TN,374,0
Stillwater,MT,53,0
Stoddard,MO,1871,48
Stokes,NC,1240,0
Stone,AR,476,0
Stone,MS,1171,0
Stone,MO,196,0
Storey,NV,14,0
Story,IA,2668,34
Strafford,NH,9316,410
Stutsman,ND,540,0
Sublette,WY,170,0
Suffolk,MA,710328,29413
Suffolk,NY,1883132,73289
Suffolk city,VA,10073,763
Sullivan,IN,1017,12
Sullivan,MO,771,0
Sullivan,NH,733,61
Sullivan,NY,50807,924
Sullivan,PA,78,0
Sullivan,TN,2958,80
Sully,SD,50,0
Summers,WV,54,0
Summit,CO,8022,86
Summit,OH,42273,4133
Summit,UT,22664,0
Sumner,KS,244,53
Sumner,TN,37784,2011
Sumter,AL,5232,156
Sumter,FL,11637,753
Sumter,GA,20716,1537
Sumter,SC,14551,630
Sunflower,MS,3317,141
Surry,NC,3118,33
Surry,VA,283,41
Susquehanna,PA,4088,479
Sussex,DE,134243,3882
Sussex,NJ,49784,5648
Sussex,VA,2824,45
Sutter,CA,1886,117
Suwannee,FL,7036,694
Swain,NC,220,0
Sweetwater,WY,1051,0
Swift,MN,342,0
Swisher,TX,557,0
Switzerland,IN,913,0
Talbot,GA,1338,55
Talbot,MD,2613,60
Taliaferro,GA,29,0
Talladega,AL,3698,98
Tallahatchie,MS,768,45
Tallapoosa,AL,15470,1778
Tama,IA,15037,645
Taney,MO,627,84
Tangipahoa,LA,33231,1281
Taos,NM,1203,0
Tarrant,TX,162138,4681
Tate,MS,2636,13
Tattnall,GA,565,0
Taylor,FL,269,0
Taylor,GA,929,111
Taylor,IA,457,0
Taylor,KY,422,2
Taylor,TX,14700,228
Taylor,WV,357,0
Taylor,WI,14,0
Tazewell,IL,2598,184
Tazewell,VA,315,0
Tehama,CA,92,36
Telfair,GA,1330,19
Teller,CO,1558,122
Tensas,LA,216,0
Terrebonne,LA,25984,1824
Terrell,GA,10048,1102
Terry,TX,634,0
Teton,ID,557,0
Teton,WY,5375,39
Texas,MO,3,0
Texas,OK,19409,136
Thayer,NE,3,0
Thomas,GA,11472,1109
Thomas,NE,26,0
Thurston,NE,645,0
Thurston,WA,6741,60
Tift,GA,7953,393
Tillamook,OR,340,0
Tillman,OK,625,20
Tioga,NY,4445,481
Tioga,PA,844,92
Tippah,MS,3523,510
Tippecanoe,IN,10502,125
Tipton,IN,1035,51
Tipton,TN,12031,62
Tishomingo,MS,614,0
Titus,TX,5140,30
Todd,KY,682,0
Todd,MN,3432,0
Todd,SD,467,5
Tolland,CT,27935,2259
Tom Green,TX,2899,52
Tompkins,NY,8048,100
Tooele,UT,4048,0
Toole,MT,1620,313
Toombs,GA,1875,169
Torrance,NM,1077,25
Towns,GA,954,34
Traill,ND,205,0
Transylvania,NC,475,0
Traverse,MN,148,0
Travis,TX,106005,2882
Trego,KS,10,0
Trempealeau,WI,378,0
Treutlen,GA,241,0
Trigg,KY,377,0
Trimble,KY,157,0
Trinity,CA,42,0
Trinity,TX,491,0
Tripp,SD,71,0
Troup,GA,9128,310
Trousdale,TN,43130,125
Trumbull,OH,20028,1661
Tucker,WV,259,0
Tulare,CA,51926,2422
Tulsa,OK,35818,1846
Tunica,MS,2162,107
Tuolumne,CA,146,0
Turner,GA,3970,434
Turner,SD,844,0
Tuscaloosa,AL,16492,245
Tuscarawas,OH,8538,44
Tuscola,MI,6489,836
Twiggs,GA,461,1
Twin Falls,ID,12708,664
Tyler,TX,406,0
Tyler,WV,159,0
Tyrrell,NC,189,0
Uinta,WY,456,0
Uintah,UT,393,0
Ulster,NY,70157,1179
Umatilla,OR,3570,64
Unicoi,TN,124,0
Union,AR,4128,115
Union,FL,633,3
Union,GA,1545,57
Union,IL,3166,115
Union,IN,747,0
Union,IA,121,0
Union,KY,482,0
Union,LA,8891,491
Union,MS,2077,135
Union,NJ,686215,38126
Union,NM,112,0
Union,NC,14845,611
Union,OH,1471,4
Union,OR,275,0
Union,PA,2096,27
Union,SC,1555,0
Union,SD,2098,0
Union,TN,190,0
Unknown,AL,126,0
Unknown,AK,14,0
Unknown,AZ,0,52
Unknown,AR,7679,25
Unknown,CA,23,1
Unknown,CO,6875,33
Unknown,CT,21176,144
Unknown,DE,1675,14
Unknown,FL,2039,45
Unknown,GA,60861,132
Unknown,Guam,56321,353
Unknown,HI,193,3
Unknown,ID,64,0
Unknown,IL,6403,2
Unknown,IN,4,0
Unknown,IA,992,30
Unknown,KS,0,17
Unknown,KY,1176,40
Unknown,LA,5082,1409
Unknown,ME,255,2
Unknown,MD,369,3997
Unknown,MA,28936,329
Unknown,MI,106692,2386
Unknown,MN,1689,208
Unknown,MS,20,0
Unknown,MO,162,1
Unknown,NE,1618,12
Unknown,NV,1874,216
Unknown,NH,694,12
Unknown,NJ,92372,168
Unknown,NM,51,18
Unknown,NY,2128,4359
Unknown,ND,18,16
Unknown,Northern Mariana Islands,952,116
Unknown,OH,1,0
Unknown,OR,173,0
Unknown,PA,0,3
Unknown,Puerto Rico,110767,5118
Unknown,RI,73964,4906
Unknown,SD,0,10
Unknown,TN,4636,64
Unknown,UT,320,197
Unknown,VT,610,121
Unknown,Virgin Islands,3856,222
Unknown,VA,432,914
Unknown,WA,5671,0
Upshur,TX,818,0
Upshur,WV,275,0
Upson,GA,11580,1070
Utah,UT,59170,465
Uvalde,TX,401,0
Val Verde,TX,764,0
Valdez-Cordova Census Area,AK,34,0
Valencia,NM,2684,32
Valley,ID,136,0
Valley,NE,75,0
Van Buren,AR,1743,116
Van Buren,IA,468,0
Van Buren,MI,3992,185
Van Buren,TN,117,0
Van Wert,OH,204,0
Van Zandt,TX,999,64
Vance,NC,6963,504
Vanderburgh,IN,8740,84
Venango,PA,407,0
Ventura,CA,36660,1147
Vermilion,IL,1179,33
Vermilion,LA,2206,108
Vermillion,IN,411,0
Vernon,LA,1037,95
Vernon,MO,254,0
Vernon,WI,303,0
Victoria,TX,7158,215
Vigo,IN,4760,335
Vilas,WI,276,0
Vinton,OH,458,11
Virginia Beach city,VA,24878,729
Volusia,FL,27379,1249
Wabash,IL,69,0
Wabash,IN,2429,69
Wabasha,MN,691,0
Wabaunsee,KS,987,0
Wadena,MN,157,0
Wagoner,OK,6781,742
Wahkiakum,WA,160,0
Wake,NC,54214,1005
Wakulla,FL,1312,50
Waldo,ME,2444,574
Walker,AL,7623,16
Walker,GA,3264,0
Walker,TX,16979,501
Walla Walla,WA,4189,46
Waller,TX,1895,0
Wallowa,OR,73,0
Walsh,ND,412,0
Walthall,MS,2011,0
Walton,FL,3468,128
Walton,GA,7178,318
Walworth,SD,240,0
Walworth,WI,10845,457
Wapello,IA,10610,76
Ward,ND,1654,50
Ward,TX,9,0
Ware,GA,7606,553
Warren,GA,743,0
Warren,IL,3643,0
Warren,IN,570,62
Warren,IA,2688,0
Warren,KY,25450,98
Warren,MS,4577,160
Warren,MO,1213,0
Warren,NJ,48292,4546
Warren,NY,9430,845
Warren,NC,1150,9
Warren,OH,10844,617
Warren,PA,100,29
Warren,TN,578,0
Warren,VA,3716,41
Warrick,IN,5824,865
Wasatch,UT,9859,52
Wasco,OR,835,36
Waseca,MN,676,0
Washakie,WY,667,22
Washburn,WI,59,0
Washington,AL,2201,158
Washington,AR,7386,163
Washington,CO,650,0
Washington,FL,895,29
Washington,GA,2616,46
Washington,ID,619,0
Washington,IL,654,0
Washington,IN,2379,26
Washington,IA,8168,359
Washington,KY,280,0
Washington,LA,16105,1239
Washington,ME,106,0
Washington,MD,13359,327
Washington,MN,13806,728
Washington,MS,5440,191
Washington,MO,394,37
Washington,NE,1461,49
Washington,NY,8363,285
Washington,NC,1263,133
Washington,OH,5059,650
Washington,OK,13215,1121
Washington,OR,31623,700
Washington,PA,6431,155
Washington,RI,18280,1035
Washington,TN,3344,0
Washington,TX,7158,779
Washington,UT,7033,0
Washington,VT,2085,46
Washington,VA,2136,136
Washington,WI,7296,228
Washita,OK,26,0
Washoe,NV,55025,1873
Washtenaw,MI,62759,3565
Watauga,NC,624,0
Watonwan,MN,1289,0
Waukesha,WI,22541,1016
Waupaca,WI,693,65
Waushara,WI,216,0
Wayne,GA,648,0
Wayne,IL,222,18
Wayne,IN,5931,188
Wayne,IA,31,0
Wayne,KY,417,0
Wayne,MI,961043,96280
Wayne,MS,2351,2
Wayne,NE,202,0
Wayne,NY,4405,26
Wayne,NC,34931,576
Wayne,OH,8375,1689
Wayne,PA,5559,242
Wayne,TN,1190,0
Wayne,WV,4331,326
Waynesboro city,VA,1027,0
Weakley,TN,1023,0
Webb,TX,21338,831
Weber,UT,9889,136
Webster,GA,481,53
Webster,IA,614,18
Webster,KY,1303,0
Webster,LA,5594,254
Webster,MS,1392,69
Webster,MO,723,0
Webster,NE,199,0
Weld,CO,98900,5373
Wells,IN,640,0
Wells,ND,86,0
West Baton Rouge,LA,6512,1161
West Carroll,LA,719,0
West Feliciana,LA,7482,261
Westchester,NY,1682493,62291
Westmoreland,PA,20889,1524
Westmoreland,VA,1611,4
Weston,WY,5,0
Wetzel,WV,277,0
Wexford,MI,541,90
Wharton,TX,2232,0
Whatcom,WA,19397,1768
Wheatland,MT,38,0
Wheeler,GA,314,0
Wheeler,TX,451,0
White,AR,2049,42
White,GA,3442,60
White,IL,76,0
White,IN,5572,125
White,TN,735,0
White Pine,NV,155,0
Whiteside,IL,4752,350
Whitfield,GA,7674,287
Whitley,IN,1257,78
Whitley,KY,546,0
Whitman,WA,1001,0
Wichita,TX,4219,91
Wicomico,MD,26577,650
Wilbarger,TX,141,0
Wilcox,AL,4117,173
Wilcox,GA,4054,449
Wilkes,GA,1276,19
Wilkes,NC,10392,87
Wilkin,MN,567,139
Wilkinson,GA,2030,128
Wilkinson,MS,3977,406
Will,IL,175618,9407
Willacy,TX,672,58
Williams,ND,849,0
Williams,OH,1754,47
Williamsburg,SC,5890,257
Williamsburg city,VA,1712,126
Williamson,IL,1948,28
Williamson,TN,25438,455
Williamson,TX,19046,667
Wilson,KS,45,0
Wilson,NC,10304,369
Wilson,TN,14989,258
Wilson,TX,1614,161
Winchester city,VA,3689,23
Windham,CT,12172,367
Windham,VT,4023,132
Windsor,VT,2558,128
Winkler,TX,144,0
Winn,LA,3107,111
Winnebago,IL,47598,1431
Winnebago,IA,249,0
Winnebago,WI,5180,74
Winneshiek,IA,869,0
Winona,MN,3558,688
Winston,AL,1516,6
Winston,MS,3224,9
Wirt,WV,167,0
Wise,TX,1345,100
Wise,VA,1087,70
Wolfe,KY,13,0
Wood,OH,9822,1394
Wood,TX,708,12
Wood,WV,2169,87
Wood,WI,262,9
Woodbury,IA,67405,510
Woodford,IL,808,53
Woodford,KY,1111,0
Woodruff,AR,71,0
Woods,OK,129,0
Woodson,KS,327,0
Woodward,OK,93,0
Worcester,MD,5233,207
Worcester,MA,354986,19681
Worth,GA,9026,677
Worth,IA,92,0
Worth,MO,95,0
Wright,IA,1637,0
Wright,MN,5711,52
Wright,MO,572,0
Wyandot,OH,1370,104
Wyandotte,KS,47492,3038
Wyoming,NY,3536,155
Wyoming,PA,1279,159
Wyoming,WV,86,0
Wythe,VA,710,41
Yadkin,NC,3146,52
Yakima,WA,94863,3113
Yalobusha,MS,2214,57
Yamhill,OR,2754,383
Yancey,NC,245,0
Yankton,SD,1836,0
Yates,NY,1067,141
Yavapai,AZ,8917,169
Yazoo,MS,8105,98
Yell,AR,1447,28
Yellow Medicine,MN,197,0
Yellowstone,MT,4718,83
Yoakum,TX,83,0
Yolo,CA,9137,885
York,ME,14020,385
York,NE,972,0
York,PA,37730,730
York,SC,13472,238
York,VA,2984,96
Young,TX,235,47
Yuba,CA,1229,57
Yukon-Koyukuk Census Area,AK,60,0
Yuma,AZ,13581,182
Yuma,CO,564,0
Zapata,TX,351,0
Zavala,TX,229,0
Ziebach,SD,26,0
